INSERT INTO Adresy VALUES ('Liberec', '17.listopadu 450', 46000)
INSERT INTO Adresy VALUES ('Jablonec nad Nisou', 'Masarikova 180', 56000)
INSERT INTO Adresy VALUES ('Jablonec nad Nisou', 'Americka 978', 56000)
INSERT INTO Adresy VALUES ('Jablonec nad Nisou', 'Masarikova 483', 56000)
INSERT INTO Adresy VALUES ('Straz nad Nisou', 'Husova 842', 22000)
INSERT INTO Adresy VALUES ('Straz nad Nisou', 'Husova 240', 22000)
INSERT INTO Adresy VALUES ('Jablonec nad Nisou', 'Masarikova 573', 56000)
INSERT INTO Adresy VALUES ('Liberec', 'Prazska 994', 46000)
INSERT INTO Adresy VALUES ('Liberec', 'Prazska 134', 46000)
INSERT INTO Adresy VALUES ('Jablonec nad Nisou', 'Americka 830', 56000)
INSERT INTO Adresy VALUES ('Liberec', 'Masarikova 476', 46000)
INSERT INTO Adresy VALUES ('Jablonec nad Nisou', 'Americka 301', 56000)
INSERT INTO Adresy VALUES ('Liberec', 'Zadna 867', 46000)
INSERT INTO Adresy VALUES ('Straz nad Nisou', 'Husova 693', 22000)
INSERT INTO Adresy VALUES ('Jablonec nad Nisou', 'Americka 692', 56000)
INSERT INTO Adresy VALUES ('Straz nad Nisou', 'Americka 115', 22000)
INSERT INTO Adresy VALUES ('Straz nad Nisou', 'Zadna 131', 22000)
INSERT INTO Adresy VALUES ('Jablonec nad Nisou', 'Masarikova 525', 56000)
INSERT INTO Adresy VALUES ('Straz nad Nisou', 'Americka 465', 22000)
INSERT INTO Adresy VALUES ('Straz nad Nisou', '17.listopadu 863', 22000)
GO

INSERT INTO Pacienti VALUES ('9845612345',3,'Aliaksei Kalosha')
INSERT INTO Pacienti VALUES ('6615019611', 1, 'Sarka Osterich')
INSERT INTO Pacienti VALUES ('8860270338', 2, 'Masa David')
INSERT INTO Pacienti VALUES ('1578904862', 3, 'Sarka Musilova')
INSERT INTO Pacienti VALUES ('4717368948', 4, 'David Novak')
INSERT INTO Pacienti VALUES ('4106301511', 5, 'Vojta Novak')
INSERT INTO Pacienti VALUES ('0117149123', 6, 'Dana Kalosova')
INSERT INTO Pacienti VALUES ('7422367885', 7, 'Losa Nepomuk')
INSERT INTO Pacienti VALUES ('9378977559', 8, 'Losa Kanas')
INSERT INTO Pacienti VALUES ('5186706552', 9, 'Lenka Davidova')
INSERT INTO Pacienti VALUES ('6023896125', 10, 'David Safarik')
INSERT INTO Pacienti VALUES ('4529709148', 11, 'Losa David')
INSERT INTO Pacienti VALUES ('8266047540', 12, 'Sarka Nepomukova')
INSERT INTO Pacienti VALUES ('5670928165', 13, 'Pepe Kanas')
INSERT INTO Pacienti VALUES ('7933441605', 14, 'Lenka Nepomukova')
INSERT INTO Pacienti VALUES ('0897426073', 15, 'Masa Safarik')
INSERT INTO Pacienti VALUES ('4065265421', 16, 'Sarka Novak')
INSERT INTO Pacienti VALUES ('5888434886', 17, 'Pepe Safarik')
INSERT INTO Pacienti VALUES ('5614808227', 18, 'David Nepomuk')
INSERT INTO Pacienti VALUES ('1633263596', 19, 'Dana Kalosa')
INSERT INTO Pacienti VALUES ('1088427069', 20, 'David Musil')
INSERT INTO Pacienti VALUES ('8406376730', 1, 'Sarka Prvni')
INSERT INTO Pacienti VALUES ('6105475933', 2, 'Vojta Dalni')
INSERT INTO Pacienti VALUES ('2194035905', 3, 'Lenka Dalni')
INSERT INTO Pacienti VALUES ('4140673944', 4, 'Pepe Dalni')
INSERT INTO Pacienti VALUES ('4231229481', 5, 'Veronika Kanasova')
INSERT INTO Pacienti VALUES ('6681552557', 7, 'Lenka David')
INSERT INTO Pacienti VALUES ('2316413772', 8, 'David Safarik')
INSERT INTO Pacienti VALUES ('7509930312', 9, 'Sarka Prvni')
INSERT INTO Pacienti VALUES ('7070794070', 10, 'David David')
INSERT INTO Pacienti VALUES ('4461036837', 11, 'Lenka David')
INSERT INTO Pacienti VALUES ('4566173454', 12, 'Losa Kanas')
INSERT INTO Pacienti VALUES ('0546293865', 13, 'Lenka Safarik')
INSERT INTO Pacienti VALUES ('6085636021', 14, 'Sarka Nepomukova')
INSERT INTO Pacienti VALUES ('6263132232', 15, 'Losa Osterich')
INSERT INTO Pacienti VALUES ('8937891625', 16, 'Losa Dalni')
INSERT INTO Pacienti VALUES ('4107448488', 17, 'Lenka Musil')
INSERT INTO Pacienti VALUES ('7107892542', 18, 'Veronika Novakova')
INSERT INTO Pacienti VALUES ('5600705982', 19, 'Lenka Novak')
INSERT INTO Pacienti VALUES ('0420395760', 20, 'Sarka Musil')
INSERT INTO Pacienti VALUES ('0175204515', 1, 'Dana Prvni')
INSERT INTO Pacienti VALUES ('7926610549', 2, 'Veronika Kalosa')
INSERT INTO Pacienti VALUES ('6411308689', 3, 'David Novak')
INSERT INTO Pacienti VALUES ('5536572194', 4, 'Lenka Musil')
INSERT INTO Pacienti VALUES ('3112915799', 5, 'Pepe Prvni')
INSERT INTO Pacienti VALUES ('1838499091', 6, 'David Nepomuk')
INSERT INTO Pacienti VALUES ('7281304263', 7, 'Losa Dalni')
INSERT INTO Pacienti VALUES ('6415138472', 8, 'Losa Dalni')
INSERT INTO Pacienti VALUES ('9266961337', 9, 'Pepe Nepomuk')
INSERT INTO Pacienti VALUES ('6362731963', 10, 'Pepe Dalni')
GO


insert into Polikliniky values (1)
insert into Polikliniky values (7)
insert into Polikliniky values (15)
GO

insert into Ordinace values ('Islam', 1)
insert into Ordinace values ('Venerologie', 1)
insert into Ordinace values ('Chirurgie', 1)
insert into Ordinace values ('Akutni pomoc', 1)
insert into Ordinace values ('Masaz', 1)
insert into Ordinace values ('Plicelogie', 1)
insert into Ordinace values ('Therapie', 1)
insert into Ordinace values ('Stomatologie', 1)
insert into Ordinace values ('Logopedie', 1)
insert into Ordinace values ('Cardiologie', 1)

insert into Ordinace values ('Islam', 2)
insert into Ordinace values ('Venerologie', 2)
insert into Ordinace values ('Chirurgie', 2)
insert into Ordinace values ('Akutni pomoc', 2)


insert into Ordinace values ('Masaz', 3)
insert into Ordinace values ('Plicelogie', 3)
insert into Ordinace values ('Therapie', 3)
insert into Ordinace values ('Stomatologie', 3)
insert into Ordinace values ('Logopedie', 3)
GO

INSERT INTO SeznamPozic VALUES ('Doktor')
INSERT INTO SeznamPozic VALUES ('Sestra')
INSERT INTO SeznamPozic VALUES ('Uklizec')
INSERT INTO SeznamPozic VALUES ('Reditel')
INSERT INTO SeznamPozic VALUES ('Udrzbar')
GO

insert into Zamestnanci values ('Pepr Per', 'Mudr', 5, 1)
insert into Zamestnanci values ('Petr Kruti', 'Mudr', 7,1)
INSERT INTO Zamestnanci VALUES ('Vojta Dalni', 'Mudr', 1, 1)
INSERT INTO Zamestnanci VALUES ('Pepe David', NULL, 2, 2)
INSERT INTO Zamestnanci VALUES ('Sarka Musil', NULL, 3, 3)
INSERT INTO Zamestnanci VALUES ('Veronika Nepomuk', NULL, 4, 4)
INSERT INTO Zamestnanci VALUES ('Dana David', NULL, 5, 5)
INSERT INTO Zamestnanci VALUES ('Veronika Prvni', NULL, 6, 1)
INSERT INTO Zamestnanci VALUES ('Pepe Dalni', NULL, 7, 2)
INSERT INTO Zamestnanci VALUES ('Veronika Prvni', 'Mudr', 8, 3)
INSERT INTO Zamestnanci VALUES ('Veronika Musil', 'Mudr', 9, 4)
INSERT INTO Zamestnanci VALUES ('Sarka Novak', 'Mudr', 10, 5)
GO

INSERT INTO Navstevy values ('9845612345', 2, 1, '2020-03-10 11:37:28', 'Prisel a zkontroloval jsem ho. Vše v poøádku')
INSERT INTO Navstevy VALUES ('9266961337', 6, 12,'2011-03-24 13:32:00', 'Prisel a zkontroloval jsem ho. Nález v koleni.')
INSERT INTO Navstevy VALUES ('4106301511', 3, 15,'2010-07-19 13:29:00', 'Prisel a zkontroloval jsem ho. Dostal recept na antibiotika.')
INSERT INTO Navstevy VALUES ('7926610549', 10, 7,'2010-03-27 17:21:00', 'Prisel a zkontroloval jsem ho. Zdravý jako øípa.')
INSERT INTO Navstevy VALUES ('6105475933', 1, 15,'2011-02-24 10:20:00', 'Dobre pokecali.')
INSERT INTO Navstevy VALUES ('7070794070', 8, 10,'2010-06-16 16:16:00', 'Prisel a zkontroloval jsem ho a nic.')
INSERT INTO Navstevy VALUES ('4107448488', 4, 18,'2011-02-23 12:30:00', 'Vysokej tlak.')
INSERT INTO Navstevy VALUES ('7070794070', 2, 8,'2010-07-24 18:44:00', 'Prisel a zkontroloval jsem ho. Byl zdravý jako ryba.')
INSERT INTO Navstevy VALUES ('5186706552', 7, 10,'2010-07-21 13:30:00', 'Žádanka na oèní.')
INSERT INTO Navstevy VALUES ('0117149123', 9, 6,'2011-07-13 13:31:00', '...')
INSERT INTO Navstevy VALUES ('6362731963', 8, 12,'2011-01-27 10:33:00', 'Plicní ventilátor.')
INSERT INTO Navstevy VALUES ('7509930312', 3, 6,'2010-09-15 13:15:00', 'Prisel a zkontroloval jsem ho a nic.')
INSERT INTO Navstevy VALUES ('6263132232', 9, 12,'2010-06-23 13:39:00', 'Nic se nestalo.')
INSERT INTO Navstevy VALUES ('1088427069', 7, 8,'2011-05-23 16:33:00', 'Prisel a zkontroloval jsem ho. Byl jako chobotnice.')
INSERT INTO Navstevy VALUES ('6362731963', 7, 3,'2011-03-10 18:39:00', 'Proste nevim co napsat')
INSERT INTO Navstevy VALUES ('7422367885', 6, 12,'2011-07-19 13:32:00', 'Prisel a zkontroloval jsem ho. Byl jako okurka.')
INSERT INTO Navstevy VALUES ('6411308689', 1, 5,'2010-02-15 18:28:00', 'Prisel a zkontroloval jsem ho. Byl jako aspirující muzikant.')
INSERT INTO Navstevy VALUES ('7070794070', 2, 11,'2010-01-25 18:26:00', 'Nic se nestalo.')
INSERT INTO Navstevy VALUES ('6085636021', 8, 5,'2011-03-24 12:26:00', 'To byl zazitek.')
INSERT INTO Navstevy VALUES ('6052687893', 5, 14,'2010-05-28 12:16:00', 'Prisel a zkontroloval jsem ho a nic.')
INSERT INTO Navstevy VALUES ('6362731963', 8, 14,'2011-05-21 17:26:00', 'Zdravý muž/žena.')
GO

INSERT INTO Pacient_Ordinace VALUES (1,'9845612345')
INSERT INTO Pacient_Ordinace VALUES (1,'6615019611')
INSERT INTO Pacient_Ordinace VALUES (1,'8860270338')
INSERT INTO Pacient_Ordinace VALUES (1,'1578904862')
INSERT INTO Pacient_Ordinace VALUES (1,'4717368948')
INSERT INTO Pacient_Ordinace VALUES (1,'4106301511')
INSERT INTO Pacient_Ordinace VALUES (2,'0117149123')
INSERT INTO Pacient_Ordinace VALUES (2,'7422367885')
INSERT INTO Pacient_Ordinace VALUES (2,'9378977559')
INSERT INTO Pacient_Ordinace VALUES (2,'5186706552')
INSERT INTO Pacient_Ordinace VALUES (2,'6023896125')
INSERT INTO Pacient_Ordinace VALUES (2,'4529709148')
INSERT INTO Pacient_Ordinace VALUES (2,'8266047540')
INSERT INTO Pacient_Ordinace VALUES (2,'5670928165')
INSERT INTO Pacient_Ordinace VALUES (3,'7933441605')
INSERT INTO Pacient_Ordinace VALUES (3,'0897426073')
INSERT INTO Pacient_Ordinace VALUES (3,'4065265421')
INSERT INTO Pacient_Ordinace VALUES (3,'5888434886')
INSERT INTO Pacient_Ordinace VALUES (3,'5614808227')
INSERT INTO Pacient_Ordinace VALUES (3,'1633263596')
INSERT INTO Pacient_Ordinace VALUES (3,'1088427069')
INSERT INTO Pacient_Ordinace VALUES (4,'8406376730')
INSERT INTO Pacient_Ordinace VALUES (4,'6105475933')
INSERT INTO Pacient_Ordinace VALUES (4,'2194035905')
INSERT INTO Pacient_Ordinace VALUES (4,'4140673944')
INSERT INTO Pacient_Ordinace VALUES (4,'4231229481')
INSERT INTO Pacient_Ordinace VALUES (4,'6681552557')
INSERT INTO Pacient_Ordinace VALUES (4,'2316413772')
INSERT INTO Pacient_Ordinace VALUES (5,'7509930312')
INSERT INTO Pacient_Ordinace VALUES (5,'7070794070')
INSERT INTO Pacient_Ordinace VALUES (5,'4461036837')
INSERT INTO Pacient_Ordinace VALUES (5,'4566173454')
INSERT INTO Pacient_Ordinace VALUES (5,'0546293865')
INSERT INTO Pacient_Ordinace VALUES (5,'6085636021')
INSERT INTO Pacient_Ordinace VALUES (5,'6263132232')
INSERT INTO Pacient_Ordinace VALUES (6,'8937891625')
INSERT INTO Pacient_Ordinace VALUES (6,'4107448488')
INSERT INTO Pacient_Ordinace VALUES (6,'7107892542')
INSERT INTO Pacient_Ordinace VALUES (6,'5600705982')
INSERT INTO Pacient_Ordinace VALUES (6,'0420395760')
INSERT INTO Pacient_Ordinace VALUES (6,'0175204515')
INSERT INTO Pacient_Ordinace VALUES (6,'7926610549')
INSERT INTO Pacient_Ordinace VALUES (7,'6411308689')
INSERT INTO Pacient_Ordinace VALUES (7,'5536572194')
INSERT INTO Pacient_Ordinace VALUES (7,'3112915799')
INSERT INTO Pacient_Ordinace VALUES (7,'1838499091')
INSERT INTO Pacient_Ordinace VALUES (7,'7281304263')
INSERT INTO Pacient_Ordinace VALUES (7,'6415138472')
INSERT INTO Pacient_Ordinace VALUES (7,'9266961337')
INSERT INTO Pacient_Ordinace VALUES (8,'6362731963')

INSERT INTO Pacient_Ordinace VALUES (9,'4140673944')
INSERT INTO Pacient_Ordinace VALUES (9,'4231229481')
INSERT INTO Pacient_Ordinace VALUES (9,'6681552557')
INSERT INTO Pacient_Ordinace VALUES (10,'2316413772')
INSERT INTO Pacient_Ordinace VALUES (10,'7509930312')
INSERT INTO Pacient_Ordinace VALUES (10,'7070794070')
INSERT INTO Pacient_Ordinace VALUES (11,'4461036837')
INSERT INTO Pacient_Ordinace VALUES (11,'4566173454')
INSERT INTO Pacient_Ordinace VALUES (11,'0546293865')
INSERT INTO Pacient_Ordinace VALUES (12,'6085636021')

INSERT INTO Pacient_Ordinace VALUES (13,'5600705982')
INSERT INTO Pacient_Ordinace VALUES (14,'0420395760')
INSERT INTO Pacient_Ordinace VALUES (15,'0175204515')
INSERT INTO Pacient_Ordinace VALUES (16,'7926610549')
INSERT INTO Pacient_Ordinace VALUES (17,'6411308689')
INSERT INTO Pacient_Ordinace VALUES (18,'5536572194')
INSERT INTO Pacient_Ordinace VALUES (18,'3112915799')
INSERT INTO Pacient_Ordinace VALUES (18,'1838499091')
INSERT INTO Pacient_Ordinace VALUES (18,'7281304263')
INSERT INTO Pacient_Ordinace VALUES (18,'6415138472')
INSERT INTO Pacient_Ordinace VALUES (18,'9266961337')
INSERT INTO Pacient_Ordinace VALUES (18,'6362731963')
GO

INSERT INTO Zamestnanec_Ordinace VALUES (1, 16, '2011-09-18 12:18:00', NULL)
INSERT INTO Zamestnanec_Ordinace VALUES (2, 5, '2010-06-16 12:22:00', NULL)
INSERT INTO Zamestnanec_Ordinace VALUES (3, 11, '2011-08-18 15:29:00', NULL)
INSERT INTO Zamestnanec_Ordinace VALUES (4, 17, '2010-01-15 14:38:00', NULL)
INSERT INTO Zamestnanec_Ordinace VALUES (5, 18, '2010-04-18 16:45:00', NULL)
INSERT INTO Zamestnanec_Ordinace VALUES (6, 8, '2011-05-23 10:36:00', NULL)
INSERT INTO Zamestnanec_Ordinace VALUES (7, 12, '2010-03-23 12:28:00', NULL)
INSERT INTO Zamestnanec_Ordinace VALUES (8, 5, '2010-02-14 16:24:00', NULL)
INSERT INTO Zamestnanec_Ordinace VALUES (9, 13, '2010-09-19 12:33:00', NULL)
INSERT INTO Zamestnanec_Ordinace VALUES (10, 12, '2010-03-20 17:25:00', NULL)
INSERT INTO Zamestnanec_Ordinace VALUES (11, 9, '2010-01-22 17:25:00', NULL)
INSERT INTO Zamestnanec_Ordinace VALUES (12, 10, '2011-08-18 13:26:00', NULL)
GO